sentiment,Text,,,,,,,,,,,,,Column Labels,,,
-1, Wow Yall needa step it up Apple RT heynyla Music and snapchat at the same damn time Thank you Note4 ,,,,,,,,,,,,,-1,0,1,Grand Total
0, What Happened To Apple Inc?   httptcoFJEXI3oP0U  aapl apple MoneyPress httptcowXKmmTMArW ,,,,,,,,,,,,Count of Text,215,244,41,500
1, Thank u apple I can now compile all of the pics that i communicate with in one place httptcotq1lo09oyA ,,,,,,,,,,,,,,,,
0, The oddly uplifting story of the Apple cofounder who sold his stake for 800 AAPL aapl httptcoCiZbVR05PJ ,,,,,,,,,,,,,,,,
0, apple can i exchange my iphone for a different color lmao  i changed my mind ,,,,,,,,,,,,Negative,215,,,
-1, RT JPDesloges Apple Acted Unfairly In Suppressing Digital Music Competition Paul Kedrosky AAPL aapl httptcoXTbFhpbYf7 ,,,,,,,,,,,,Neutral ,244,,,
0, Lets not forget that press effects stock Apple to Defend Against iPod Antitrust Suit httptcopqJ0bKIMb8 ,,,,,,,,,,,,Positive,41,,,
-1, Apple Inc Deleted Songs From Rival Services From iPods httptcodQwDFpcc4x AAPL ,,,,,,,,,,,,,,,,
0, TeamCavuto Apple Theyre staging a die in ar an Apple store while being on their iPhone ,,,,,,,,,,,,,,,,
-1, Happy Monday My camera on my fancy Apple iPhone6Plus suddenly stopped working this weekend so instead  I meme httptcoXdySgcxUuv ,,,,,,,,,,,,,,,,
-1, Facebook CEO Mark Zuckerberg criticizes Apple AAPL aapl httptcoEVrsNVdeXe ,,,,,,,,,,,,,,,,
-1, fuck you too apple ,,,,,,,,,,,,,,,,
-1, Apple  you need to sort your phones out ,,,,,,,,,,,,,,,,
0, OneRepublic Apple 45000 feet keep flying ,,,,,,,,,,,,,,,,
0, MarkZuckerbergF of facebook and tim cook of apple are sparring but can we plz talk REAL connectivity on the web? httptcoAKfHP9pL9X ,,,,,,,,,,,,,,,,
-1, APPLE YOURE SHIT FIX MY PROBLEM ,,,,,,,,,,,,,,,,
0, Up 169 Is Apple Supplier Skyworks Still A Buy? SWKS  AAPL BRCM MU QCOM VTI httptcoYcxoMNmHqo ,,,,,,,,,,,,,,,,
-1, Theyre not RT Naivana You gotta be kidding me apple httptcoGeeL25AlT1 ,,,,,,,,,,,,,,,,
0, What to expect from Apple in 2015 AAPL aapl httptco7Dq9vBdt3H ,,,,,,,,,,,,,,,,
0, Confirmed Bose speakers returning to Apple Stores after removal earlier this year  httptcoyXPyde3TvQ AAPL BeatsElectronics ,,,,,,,,,,,,,,,,
-1, apple iphone4 oh its not fair and i think youre really mean ,,,,,,,,,,,,,,,,
0, How Competition Between Wireless Carriers Benefits Apple Inc  The Motley Fool aapl httptcomQe4NT0vXr ,,,,,,,,,,,,,,,,
0, Does apple store in Georgetown sell refurbd iPads? Or just new? Are refurbs only available online? ,,,,,,,,,,,,,,,,
-1, How is my battery already 83 within 15 minutes of usage Fix up apple ,,,,,,,,,,,,,,,,
-1, UberFacts i can think of 100 reasons not to if your on a 4s Fuck apple ,,,,,,,,,,,,,,,,
-1, How long does it really take for a phone to ship apple smh ,,,,,,,,,,,,,,,,
-1, brwnskinbeauti cause fuck apple ,,,,,,,,,,,,,,,,
-1, lanadelreystan KILL YOURSELF apple ,,,,,,,,,,,,,,,,
0, THEHIITCOACH weightsmate Apple its similar to an existing app called cardio guru interestingly Maybe Apple have noticed this? ,,,,,,,,,,,,,,,,
0, AAPLPale hoarse Steve Jobs defends Apple in videotaped deposition in iPodhttptcoSNmpSx4TDo ,,,,,,,,,,,,,,,,
-1, apple ur a disgrace ,,,,,,,,,,,,,,,,
-1, apple The iPad update to iOS 8 is an absolute disaster Nothing works right anymore Safari crashes constantly iFail ,,,,,,,,,,,,,,,,
0, AAPLApple trial continues without a plaintiff for nowhttptcoDjDkC4HkPZ ,,,,,,,,,,,,,,,,
1, Finally Brooklyn Is Getting Its Own Apple Store aapl httptcoIpjMgjGQw5 httptcoOw2BSRLbAx ,,,,,,,,,,,,,,,,
1, RT SwiftKey Were so excited to be named to Apples App Store Best of 2014 list this year httptcod7qlmti4Uf Apple ,,,,,,,,,,,,,,,,
0, The best link of the day on usemuzli Tech facebook CEO Mark Zuckerberg goes after timcook  Apple  AppAdvice httptcocDnZCthRlA ,,,,,,,,,,,,,,,,
-1, PCAudioLabs is in and Apple is out at Emanon Records  Apple was premium product Now it is an average product with a premium price ,,,,,,,,,,,,,,,,
-1, Realised the reason apple make huge phones is because they f**ked Safari up by not allowing us to hide the address bar ,,,,,,,,,,,,,,,,
-1, apple yall shitty ,,,,,,,,,,,,,,,,
-1, Finally updated to iOS 8this happened ha weird glitch fix it please apple httptcoLCoGg7yfEz ,,,,,,,,,,,,,,,,
0, RT jopocop TheStreet  Apple Gets Price Target Boost on Back of Strong iPhone Demand aapl  httptcof2qTGIBDDq ,,,,,,,,,,,,,,,,
0, How to Make Apple Special Again aapl httptcoEiAP7Kmelu ,,,,,,,,,,,,,,,,
0, swerviinnn Apple clearly its a sign they doing u a favor ,,,,,,,,,,,,,,,,
-1, apple macos yosemite is a buggy piece of shit It makes me miss windows8 ,,,,,,,,,,,,,,,,
-1, Im surprised there isnt more talk about what looked like a flash crash in AAPL yesterday Biggest range in years and largely ignored ,,,,,,,,,,,,,,,,
-1, Shockingly iMessage on the desktop is fucked up again Great work apple Seriously on point with network services as only you can do ,,,,,,,,,,,,,,,,
-1, The hell does this mean apple one day Skype wont let me login now I cant even open the app httptcoSegFVq5Mzx ,,,,,,,,,,,,,,,,
-1, Tryng to get back on snapchat but the App Store isnt cooperating apple ,,,,,,,,,,,,,,,,
0, Apple Adds New Flyover Locations to Maps Siri Movie Showtimes in More Countries iOS Blog httptco758TjE7alk AAPL ,,,,,,,,,,,,,,,,
-1, apple fucking let everyone name the group chats their own things please and thanks ,,,,,,,,,,,,,,,,
0, dougluberts Apple Is it the 128gb version? ,,,,,,,,,,,,,,,,
-1, Apple your chargers SUCK ,,,,,,,,,,,,,,,,
0, The questions every CIO should ask about Apple iWatch httptco1RSxT3CMlZ ,,,,,,,,,,,,,,,,
-1, RT saigeist the most offensive thing is the lack of a trashcan emoji stop the discrimination apple ,,,,,,,,,,,,,,,,
-1, apple fuck you ,,,,,,,,,,,,,,,,
-1, RT JPDesloges Higher Price Targets Are Not Helping Apples Shares AAPL aapl httptcoQTLiiXy1Ed ,,,,,,,,,,,,,,,,
0, Apple heads to trial over iTunes update AAPL httptcoBevWxGyCVk ,,,,,,,,,,,,,,,,
0, AAPLNew FarReaching Apple Patent Reveals Next iPhone May Demonstrate A ChttptcoCe8dwGBHz0 ,,,,,,,,,,,,,,,,
-1, apple Why is your NYC Grand Central store so bad when it comes to service? 14th Street is much much better ,,,,,,,,,,,,,,,,
-1, Im not happy about that apple ,,,,,,,,,,,,,,,,
0, RT adage Watch the weekends new TV ads from RadioShack Apple and more httptcocKdkibI6PL ,,,,,,,,,,,,,,,,
-1, tehhGOAT Apple do you by accident have me blocked or? ,,,,,,,,,,,,,,,,
-1, Real tired of my charger breaking every month Apple ,,,,,,,,,,,,,,,,
0, Is Apple The Most Important Stock On Earth?  httptcoYkyiwKnL5S aapl httptcoeiAOHl8LL1 ,,,,,,,,,,,,,,,,
-1, Apple get your shit together I hate you ,,,,,,,,,,,,,,,,
-1, Nasdaq big fall FB Baba Twtr Linkd Apple fell 36 on Monday See whether follow up  ,,,,,,,,,,,,,,,,
-1, fucking faggots apple ,,,,,,,,,,,,,,,,
0,are u android or ios? aapl samsung aapl ApplePay apple GoodMore GivingTuesday StonerSports 3YearsOf5SOS FlashvsArrow stocks ,,,,,,,,,,,,,,,,
-1, honestly fuuuuccckkkk you apple httptco0aV4VreGUj ,,,,,,,,,,,,,,,,
-1, Apple Stop liking man ,,,,,,,,,,,,,,,,
-1, SSComposer Apple seems to ignore any key presses like command r and is just doing its own thing ,,,,,,,,,,,,,,,,
0, RT JPDesloges APPLE  Fibonacci Technicals Levels  LAST Intraday  Update  AAPL aapl  httptco9tLzXOlfzG ,,,,,,,,,,,,,,,,
-1, Note to apple Mail STILL has trouble sending  The last update didnt fix it  Mail that doesnt send?  Not so useful ,,,,,,,,,,,,,,,,
0, brettgilmour Apple Youre not the only one apparently based on that last interview we did with carmilevy ,,,,,,,,,,,,,,,,
-1, No macbook todaycharger broken help please apple what can i do ,,,,,,,,,,,,,,,,
0, Google May Be the Big Winner in LAUSDs IPad Scandal httptcoYVDioMcl4r via BW aapl ,,,,,,,,,,,,,,,,
-1, FUCK U apple i just dropped my new IPHONE6  and it got all sctratched up  IM DONE WITH APPLE SO FUCKING FRAGILE ,,,,,,,,,,,,,,,,
0, Will the IPhone6Plus Shortage Hurt Apple Apple This Christmas? Monday 8 December httptcoi1QB6uaRms ,,,,,,,,,,,,,,,,
-1, brittbumgarner briannalengy I mean it didnt auto correct so who is really at fault here apple ,,,,,,,,,,,,,,,,
0, AAPL buy reiterated  target raised to 130 by Bank of America Merrill Lynch AAPL Brief explanation here  httpstco349ckZlF0v AAPL ,,,,,,,,,,,,,,,,
-1, fuck type of shit is this Apple autocorrect Siri httptco5zyb6SUepz ,,,,,,,,,,,,,,,,
-1, Left the hoos we 100 now got 50 iPhones are dire apple suck ur mum ,,,,,,,,,,,,,,,,
0, brycehendersonn o wow technology stevejobs GamerGate  IGN  Machinima gameinformer Apple 64megaherts  got me there ,,,,,,,,,,,,,,,,
0, 5 Companies Growing Faster Than Apple Inc httptcoQsoC8dir60 AAPL ,,,,,,,,,,,,,,,,
-1, apple YosemiteProblems Erases my saved pass words every day This is getting annoying ,,,,,,,,,,,,,,,,
1, apple apple tech support is so nice Free stuff Sucks about the ringtone issue though ,,,,,,,,,,,,,,,,
0, Apple Releases Safari 801 711 and 621 httptcosIOuKQbs1T AAPL ,,,,,,,,,,,,,,,,
0, Early Apple Employee Bill Fernandez Shares Details on Steve Jobs Creation of the Apple II and More httptcohv7TfDUIm9 AAPL ,,,,,,,,,,,,,,,,
0, AAPL passes 700 billion in Market Cap and setting a new record details here httptcoUCXw8zSRpZ AAPL Apple Stocks Record News ,,,,,,,,,,,,,,,,
-1, Cant believe Apple said melted keys on Mac Pro is not under warranty for a machine less than a year old Asking for ?500 to repair ,,,,,,,,,,,,,,,,
-1, fuck you apple ,,,,,,,,,,,,,,,,
0, I posted 9 photos on Facebook in the album WOW TALKS  PASSION FOR DESIGN  LONDON DESIGN FESTIVAL APPLE httptcovgRlX9OCMT ,,,,,,,,,,,,,,,,
0, How To Use iOS8 Continuity  Know Your Mobile httptcoBf2smNeBEe aapl ,,,,,,,,,,,,,,,,
-1, SwiftKey Apple Oh In wish you guys would port hebrew from the android version already I have swapping abck and forth ,,,,,,,,,,,,,,,,
1, Apples iPhone 6 Plus Amazingly Captures 41 of the Phablet Market Right out of the Gate AAPL aapl httptcohv7jiOO6S0 ,,,,,,,,,,,,,,,,
1, AAPL providing another great entry point lt 115 ,,,,,,,,,,,,,,,,
0, lisapjackson any stats on use of Apples recycling program? ,,,,,,,,,,,,,,,,
0, AAPLCorporate Earnings to Contract Short Apple Best of Kasshttptco59VMgqR0tH ,,,,,,,,,,,,,,,,
0, ayo Apple I think u should create a video message option so when CarlaBarlaCakes doesnt answer my facetime I can leave her a VIDEO MAIL ,,,,,,,,,,,,,,,,
0, The power of Apple s strong branding and store design in one photo httptcoCJObpVZeZk via qz httptcohD6P7hJhW8 ,,,,,,,,,,,,,,,,
-1, Yo Apple fix your shitty iMessage ,,,,,,,,,,,,,,,,
-1, Why I Hate Apple  httptcoIbpyJXaOuW AAPL LongTermLarry ,,,,,,,,,,,,,,,,
-1, Hey apple are you even thinking about fixing your wifi issues? YosemiteProblems ,,,,,,,,,,,,,,,,
0, sharksbeauty Apple LEMME get the blondes number ,,,,,,,,,,,,,,,,
0, AAPLApple Inc International Business Machines Corp Exxon Mobil Corporahttptco0XWPHhpA6C ,,,,,,,,,,,,,,,,
0, 3 Tech Stocks That Could Soar in 2015  The Motley Fool goog aapl fb httptco6LcuT1XTzX ,,,,,,,,,,,,,,,,
0, Apple Debuts New iPad Air 2 TV Ad Change with New Website Section httptco8q8satHa2S AAPL ,,,,,,,,,,,,,,,,
0, jakeflem Apple Some info for you httptcoJ79FnVB94e httptcom3pclPVgGK httptcoJ72WyhXxx1 Hope it helps PinkScreenOfDeath ,,,,,,,,,,,,,,,,
0, Apple mass transit system for Maps detailed in new patent AAPL aapl httptcoYhwWoUBR3Q ,,,,,,,,,,,,,,,,
-1, ohaiigloria hahahamark apple explain yourselves ,,,,,,,,,,,,,,,,
-1, RT danielllebaker Paid 20 for a new 5 charger and couldnt  b more pissed about it this is rape apple ,,,,,,,,,,,,,,,,
1, The 10 biggest differences between Mac and PC  Yep Ill stick with my Mac apple httptcoobykvsjfJY apple LisaEadicicco ,,,,,,,,,,,,,,,,
-1, Yall need to fix this flickerflash when I swipe up to close apps Apple ,,,,,,,,,,,,,,,,
0, PRINCIPLED TRUTHS Eddy Cue Talks to Fortune as Apple Appeals EBook PriceFixing Judgment AAPL httptcoY7JDYN0mlR ,,,,,,,,,,,,,,,,
-1, appleipad irig  For the price to connect my guitar I could buy a real amp loud enough to perform ripoff ,,,,,,,,,,,,,,,,
-1, steviebuckley Its doing strange things to dropbox files as well  create a new folder and it disappears etc  apple yosemite bugs ,,,,,,,,,,,,,,,,
0, AAPL12 Unexpected Stocks Bringing Buffett and Fellow Billionaires Holiday httptcoQSxQQPAg2q ,,,,,,,,,,,,,,,,
-1, HlPSTALUKE Apple one of you stepped on my phone last night and its smashed and doesnt work  ,,,,,,,,,,,,,,,,
-1, Hey apple fuck you for thinking I want text messages to pop up on my computer iPad and phone ThisIsWhyPeopleGetMurdered ,,,,,,,,,,,,,,,,
-1, Just another reason to hate Apple ,,,,,,,,,,,,,,,,
0, Steve Jobs I dont know what the claims in the case are AAPL aapl httptco5Ufd8p9qxs ,,,,,,,,,,,,,,,,
1, OneRepublic Apple How cool that youre working on new music Cant wait to hear it But youre working hard You need rest  ,,,,,,,,,,,,,,,,
-1, Apple technologyis becoming very undesirable These glitches are constantly stopping my from working ,,,,,,,,,,,,,,,,
1, Apple dominates mobile online shopping at 78 percent in US aapl httptco1fqoPIhObO ,,,,,,,,,,,,,,,,
-1, applenws AppleProducts Apple ok look yall still aint reversed me back to iOS 7 idk what the hold up is but ima need yall to get on it ,,,,,,,,,,,,,,,,
-1, Can Apple sTOP making their OS installations so damn bloody difficult STOP ASKING ME TO CLEAR SPACE FROM MY HARD DISK ,,,,,,,,,,,,,,,,
0, Jimmy Iovine to Apple You Have a Hole in Music Right Now Let Me Plug It httptcoRwolD40zwI AAPL ,,,,,,,,,,,,,,,,
0, AntiDiscrimination Bill To Be Named After Apple CEO TimCook httptcoqEZlIPc8Z2 via theinquisitr LGBT LGBT Gayrights Alabama ,,,,,,,,,,,,,,,,
-1, RT all4incognito HATE APPLE SO MUCH RUIN MY LIFE ,,,,,,,,,,,,,,,,
0, Debunking One of Apples Biggest Myths  httptcoZljMUApQV6 AAPL ,,,,,,,,,,,,,,,,
-1, RT animaItoes Why does my phone suck so much apple ,,,,,,,,,,,,,,,,
-1, YO YOU AINT SHIT apple ,,,,,,,,,,,,,,,,
0, Apple Market Maker Price Range Forecast Update AAPL httptcolb0gspNI9j ,,,,,,,,,,,,,,,,
0, Apple planning to spend 161 million on its own auditorium at   httptcoeJU1Q6Qklb AAPL WWDC httptcoQYhVucuSyP ,,,,,,,,,,,,,,,,
0, Youll Be Able To Learn How To Code For Free Next Week At Your Nearest Apple Store  httptco8xHh2SLC4X ,,,,,,,,,,,,,,,,
-1, What I find alarming about Apple power cords is how quickly they fray  I dont always notice when I dont travel with them AppleCordFire ,,,,,,,,,,,,,,,,
0, 10 best SteveJobs apple aapl tech30 httptcoFkrkG1iF7g via ,,,,,,,,,,,,,,,,
1, SamJam Agreedhave to give props to Apple for battery life on new iPhones Its SO good TLChat ,,,,,,,,,,,,,,,,
-1, apple I have been on hold for 30 minutes thank god I sold most of my stock is this comcast or apple? ,,,,,,,,,,,,,,,,
-1, viticci panic Apple Jesus why did they create extensions at all? Lighten up Apple ,,,,,,,,,,,,,,,,
0, Apple Inc price at close December 05 2014 is 1149801 apple AAPL ,,,,,,,,,,,,,,,,
0, CNBCTV  Bulls running with GoPro amp Apple gpro aapl  httptcozNj09hU6jb ,,,,,,,,,,,,,,,,
0, Apple Is Warming Up To Social Media Apple is hiring a social media guru in LA Will Apple finally tweet?Her httptcosB1FXAZ4j7 ,,,,,,,,,,,,,,,,
0, Ironic that were at a PR event mp15 talking about companies that dont need more people talking about them google apple facebook ,,,,,,,,,,,,,,,,
-1, How many iphone chargers do I need to go through? Apple make charger durability a point in the new iPhone ,,,,,,,,,,,,,,,,
0, The rumoured oppo R8207 looks very similar to a certain Apple iPhone6 httptconJKstb1rJf ,,,,,,,,,,,,,,,,
0, Apple Watch on Track for February 2015 Release Testing Underway Rumour  AAPL aapl httptcovjOWVvDFx5 ,,,,,,,,,,,,,,,,
0, Howto import objectiveC code into bridging header file  Apigee SDK for Apples Swift httptcoe3i1kKa7xX httptcodkoOxiEGRy ,,,,,,,,,,,,,,,,
-1, thanks apple for making life complicated ,,,,,,,,,,,,,,,,
0, Bose products reportedly set to return to Apple Store shelves as early as next week  httptcofqnkD6rsDT AAPL JimmyIovine ,,,,,,,,,,,,,,,,
0, AAPLAlabama AntiDiscrimination Bill To Be Named After Apple CEO Tim CookhttptcoJ6hGjmjBZD ,,,,,,,,,,,,,,,,
0, Apple to launch 4inch iPhone next year Report AAPL aapl httptcox3lzm9bOoM ,,,,,,,,,,,,,,,,
0, My cat only chews apple cords Such an AppleSnob ,,,,,,,,,,,,,,,,
-1, Ur minute has been about 10 minutes apple httptcotInVuQNYAM ,,,,,,,,,,,,,,,,
-1, How do I log into iCloud on my phone? Not the cut down mobile version Argh Anyone know? apple ,,,,,,,,,,,,,,,,
-1, fuck you fuck you so much i hate you apple ,,,,,,,,,,,,,,,,
0, leiahemilyy Apple really??? ,,,,,,,,,,,,,,,,
0, Move Aside Apple and Google Alibaba is Entering the Connected Car Space  Forbes baba goog aapl httptcogOSQlrWvtl ,,,,,,,,,,,,,,,,
0, Footage of the Apple1 computer running ComputerHistory apple christiesinc httptconTGfnJWZ7G ,,,,,,,,,,,,,,,,
1, Great service at Apple BethesdaRow thanks Jenna and Brandon ,,,,,,,,,,,,,,,,
-1, apple please get yourself together I need my products to work ,,,,,,,,,,,,,,,,
-1, apple so thanks for being greedy assholes who force me to pay to get something THAT I ALREADY FUCKING PAID FOR WITH FINAL CUT PRO ,,,,,,,,,,,,,,,,
0, Why AAPL Stock Had a MiniFlash Crash Today Money Morning Nothing the analysts suggested would make a widel httptcojFGsSy2Ei3 ,,,,,,,,,,,,,,,,
-1, kodam13 and blunderblock if fricking Apple ever gets their act together AppStore we need Blunderblock by BrandiGlanville ,,,,,,,,,,,,,,,,
0, Steve Wozniak on Apple the Computer Revolution and Working With Steve Jobs httptco01201wlyzu via BW ,,,,,,,,,,,,,,,,
-1, Uh is Apple making fun of French people and being rude in their new iPhone 6 call from anywhere ad? Thats how it seemed to me ,,,,,,,,,,,,,,,,
0, If Apple Will Poach From Fashion Then Fashion Will Follow Suit  The Business of Fashion  httptcoKVe1KXONfM ,,,,,,,,,,,,,,,,
0, NickM538 Apple tell them how ya really feel ,,,,,,,,,,,,,,,,
-1, Oh Apple this is horrible packaging and shipping shame httptcoJaRpJYJ5Zu ,,,,,,,,,,,,,,,,
-1, apple iCal AGAIN it reset all my recurring in spite of months of individualizing each one per current date fail icloud sucking ,,,,,,,,,,,,,,,,
-1, RT chemixcalbieber WhoaBiebz GET YOUR SHIT TOGETHER OR ILL GUY A SAMSUNG GALAXY S5 APPLE httptcoLEHpmkxK0a ,,,,,,,,,,,,,,,,
0, angusdick yes had that exact issue Took it to apple for a free battery replacement Trackpad ended up being fine ,,,,,,,,,,,,,,,,
0, RedXPower ChristmasCount yeah and dont make them into tablets apple ,,,,,,,,,,,,,,,,
0, MaineNitin Good morning Looks like Ill be hanging at the Apple store with the students and snowbirds sometime this week ,,,,,,,,,,,,,,,,
1, if I tweet about NANDOS my phone puts it in caps I like the iPhone six it knows my favourite restaurant good phone GG apple ,,,,,,,,,,,,,,,,
-1, WTF MY BATTERY WAS 31 ONE SECOND AGO AND NOW IS 29 WTF IS THIS apple ,,,,,,,,,,,,,,,,
1, CNBCTV  Apple arguably most innovative company in world Pro aapl httptcoxWVD3zCkHu ,,,,,,,,,,,,,,,,
0, AAPLIs it time to start buying Apple?httptco5nulnjlbaG ,,,,,,,,,,,,,,,,
-1, CGK had laptop prob today  apple  Local  useless Tech support useless 1 hr at Genius Bar useless  Buy a PC next time? ,,,,,,,,,,,,,,,,
-1, Please Apple dont go the way Facebook has gone with their iOS release notes  We DESERVE to know whats happening with our gear ,,,,,,,,,,,,,,,,
-1, iTunes is pissing me tf off apple ,,,,,,,,,,,,,,,,
0, AAPL RT FortuneMagazine Alex Gauna flips his Apple bit sets Streethigh target of 150 httptcorsHjD9BrHp ,,,,,,,,,,,,,,,,
-1, FaZeNikan Apple lol iPhoneweak Get on that Lumia level bruh ,,,,,,,,,,,,,,,,
0, iPhone 6 Plus Captures 41 Phablet Sales in the US AAPL aapl httptcoafedrJ4EPr ,,,,,,,,,,,,,,,,
0, Apple Wants To Make Your Commute Much Easier According To This New Patent AAPL aapl httptcoFD6FCM2HQB ,,,,,,,,,,,,,,,,
-1, feel so lost with out my phone   apple iPhone 5 chargers are horrendous brokenchargerprobs ,,,,,,,,,,,,,,,,
0, Verr?cktes Ger?cht iPhone6s zum Apple Apple Watch Tuesday 2 December httptcoPGCaSLAnZa ,,,,,,,,,,,,,,,,
0, AAPLApple Loop iPhone 6S Rumors The Myth Of Steve Jobs Garage iPhone 6httptcoGwQ3JqikZd ,,,,,,,,,,,,,,,,
0, please make a gold macbook apple ,,,,,,,,,,,,,,,,
-1, apple why doesnt your people explain precautions when buying an expensive laptop ,,,,,,,,,,,,,,,,
0, AppleDec 5 Trading Daily Profit 157sh  Weekly Profits of 1836sh  aapl Stockaction trading Stocks MKt  httptco76R4rmUUNo ,,,,,,,,,,,,,,,,
0, Options Outlook Amid Heavy Week Of Economic Events httptcoJ7hj76F2sG AAPL GOOG GOOGL TSLA WMT PreMarket Markets ,,,,,,,,,,,,,,,,
0, Apple is reportedly hiring fashionfocused staff for its physical stores httptcoZoOnR3u5zV FTDaily FashionTech ,,,,,,,,,,,,,,,,
0, The Apple iWatch Changing the face of watches httptcoEtfTAT5K7x applenews iwatch gadgets ,,,,,,,,,,,,,,,,
0, Apple deleted rivals music from iPods court hears AAPL aapl httptco7xYurDyY7R ,,,,,,,,,,,,,,,,
0, DustynMichael got enough apple  products? httptconts3ebIxAL ,,,,,,,,,,,,,,,,
-1, apple why cant i fnd netbot on app store ? help ASAP ,,,,,,,,,,,,,,,,
-1, iTunes apple my music library wont sync new music etc iTunes tells me sync completed nothing new uploadedhow do I fix this? FRUSTRATING ,,,,,,,,,,,,,,,,
-1, CharlesJMeyer Apple AppyGeek Hasnt Apple been doing this for decades? This is why I dont support Apple apple deletegame ,,,,,,,,,,,,,,,,
-1, yo Apple  why yall make it so hard to grip the 6? ,,,,,,,,,,,,,,,,
-1, Apple makes bad chargers The apple genius said wrap it in electrical tape I wonder what Jony Ive thinks of that httptcoHvxSJUt39p ,,,,,,,,,,,,,,,,
-1, RT paisleysmithh Real tired of my charger breaking every month Apple ,,,,,,,,,,,,,,,,
-1, my dad called now my musics arent playing jesus christ apple problematic ,,,,,,,,,,,,,,,,
-1, Ok apple You win I wont use your browser anymore since it keeps closing on me Literally 8 times today I counted ,,,,,,,,,,,,,,,,
0, RT TeamCavuto Protesters stage DieIn protests in Apple store in NYC Is it me or is this anger misplaced? RETWEET if you agree ,,,,,,,,,,,,,,,,
0, l0lvivivuvu sextsatan Apple And replied livingthedream ~ARI ,,,,,,,,,,,,,,,,
-1, apple why is it that your iPhones alarm fails to work sometimes?? I missed 3 bonus points from a class because of this Sooooo annoyed ,,,,,,,,,,,,,,,,
-1, It would be nice if I could type more than one sentence without my computer freezing up Apple Microsoft Word Internet Everyone ,,,,,,,,,,,,,,,,
0, As Apple still struggles to meet iPhone 6 demand Canaccord raises price target to 135  AAPL aapl httptcoIrZI8Q8F9r ,,,,,,,,,,,,,,,,
0, Apple 113 matches 8 increase in earnings 2014Q3 EPS142 in  IOS App Donkey Stocks on your iPhone AAPL httpstco8CBUgrEHZS ,,,,,,,,,,,,,,,,
0, Apple Apple Patents An iPhone Drop Protection Mechanism That Changes Device  Tuesday 2 December httptcoWpnlcmBcSB ,,,,,,,,,,,,,,,,
0, Myths vs RealityFull Time Trading httptcoJH7BMS1Kgb stocks futures forex trader es aapl gpro eSignal httptcobFnkHl3EYx ,,,,,,,,,,,,,,,,
-1, you just did too much you asshole apple get your shit together ,,,,,,,,,,,,,,,,
-1, RT ehsonakbary THE WORLDS FIRST MURDER VIA FACETIME THANK YOU FOR THIS INNOVATION Apple httptcoRz8es3q3fj ,,,,,,,,,,,,,,,,
0, Whos Buying All Those New iPhones Anyway? AAPL aapl httptcooErygGHnsc ,,,,,,,,,,,,,,,,
0, RT HorseshoeBmore Holiday Giveaway To ensure you stay in touch on the go ck out brands like Apple amazon httptcov2GViV6qnh ,,,,,,,,,,,,,,,,
-1, Apple This was NORMAL use NO ABUSE Wrapped it exactly as you instructed me to This is a fire hazard You should replace it defective ,,,,,,,,,,,,,,,,
0, RT RaviMikkelsen HRHound MandoGallegos Nice If the actor had on an iWatch hed have the entire suite of Apple products sponsorDeal ,,,,,,,,,,,,,,,,
0, That moment EVERYTIME when walk out of Apple after purchase amp receipt is emailed amp think getting stopped or not MiniHeartAttack timcook ,,,,,,,,,,,,,,,,
1, Major crisis avoided apple You guys were able to restore my daughters  iPhone Great service thanks 5starservice ,,,,,,,,,,,,,,,,
-1, FUCK YOU apple FOR MAKING SHIT PRODUCTS ,,,,,,,,,,,,,,,,
0, Pop up BostonHoliday  UrbanNutcrackers RussellFerg amp krumpers are Apple Store in Boylston St 530pm today Dancing amp chat ,,,,,,,,,,,,,,,,
-1, apple had a dream last night where I downgraded my iPhone to a 4S and spent the rest of the dream trying to figure out what to do shame ,,,,,,,,,,,,,,,,
1, OneRepublic Apple HOW THEY LOOK THIS IS SO CUTE ,,,,,,,,,,,,,,,,
-1, I dont undestand how SYFNews CreditCare website doesnt work on Apple prodHad to request paper bills WhatYearIsIt poorcustomerservice ,,,,,,,,,,,,,,,,
-1, Dear apple replace my phone my battery sucks ,,,,,,,,,,,,,,,,
0, China reminds Apple on need to support privacy security in its products AAPL aapl httptco5ABnwWVQxh ,,,,,,,,,,,,,,,,
0, Nale When do you think parable will be accessible in France Apple AppStore ,,,,,,,,,,,,,,,,
-1, Oh apple why do I have to delete my unwanted photos eight times Once is enough I dont want a recently deleted folder ,,,,,,,,,,,,,,,,
1, The 10 biggest differences between Mac and PC  Yep Ill stick with my Mac apple httptcobxbjni5iHn apple LisaEadicicco ,,,,,,,,,,,,,,,,
-1, RT yungbaaz god dammit fuck you apple ,,,,,,,,,,,,,,,,
0, AAPL MT FortuneMagazine Can Apple clear name in ebooks drama? Eddy Cue says hed do it again but take better notes httptcoxCYyyJtK05 ,,,,,,,,,,,,,,,,
-1, Apple fix addis phone so we can text each other pls and thx ,,,,,,,,,,,,,,,,
1, Companies i admire  3QDigital vaynermedia apple It must rocks to work there because mainly of their boss and their culture ,,,,,,,,,,,,,,,,
-1, Siri Apple SteveJobs alarmthatdidntgooff this is disrespectful ,,,,,,,,,,,,,,,,
0, RT Amdocs Top iOS apps of 2014 Apple names Elevate Brain Training as 1 iPhone app httptcotyRNmYGnDP ,,,,,,,,,,,,,,,,
-1, NO apple NO When I make an I phone Album I WANT IT TO STAY ON PHONE not be removed when camera roll cleared GET IT TOGETHER ,,,,,,,,,,,,,,,,
0, AppStore apple When is the release for the new infiniteflight update in the appstore? flyingdevstudio says the Update is in your hands ,,,,,,,,,,,,,,,,
-1, morrisjordan42 I would say it had a good life but fuck man little guy was only like 3 mths old fck u apple and ur piece of shit chargers ,,,,,,,,,,,,,,,,
0, Pegraton may Gain Orders for 50 of the 2015 47 iPhone 6S AAPL aapl httptcojjvkpoa01X ,,,,,,,,,,,,,,,,
-1, Protesters in the Apple store pretty much sums it up Its like a gravitational pull Shocked it took this long Next stop? STARBUCKS ,,,,,,,,,,,,,,,,
1, At the Genius Barapple store  Very helpful AAPL staff and whoever helped me was genius Comp wking again httptcoGBPQdl8eCN ,,,,,,,,,,,,,,,,
-1, I hate my MacBook now Fuck this update and fuck you apple ,,,,,,,,,,,,,,,,
1, Apple conclusion  Best client service ever ,,,,,,,,,,,,,,,,
-1, jimmymujaj Apple it works again fucker not being a hoe if its only one person SMD ,,,,,,,,,,,,,,,,
1, My phone just charged 23 in 45 seconds thanks Apple ,,,,,,,,,,,,,,,,
-1, apple please stop notifying me to upgrade iCloud storage because I do not use iCloud enough to upgrade it nor would I pay for such things ,,,,,,,,,,,,,,,,
0, Apple recruiting luxury executives for iwatch Ill make it easy for them just get celebrities to wear them ,,,,,,,,,,,,,,,,
0, contact Apple RT mrstiffanyanne anybody that sold an iPhone before? i have questions amp cant find them on Google ,,,,,,,,,,,,,,,,
-1, hey apple my 5s keeps glitching  ,,,,,,,,,,,,,,,,
-1, iPhone6 fell 2 ft Screen shattered like it was blown up apple wants an additional 109 to fix it Maybe make a product that lasts? ,,,,,,,,,,,,,,,,
0, RT HorseshoeBmore Holiday Giveaway To ensure you stay in touch on the go ck out brands like Apple amazon httptcojMAL4mOWmz ,,,,,,,,,,,,,,,,
0, Can I turn auto correct off apple ? ,,,,,,,,,,,,,,,,
0, Apple Stores hosting Hour of Code programming workshops on December 11th  httptcolDmfG6nQES AAPL Tokyo ,,,,,,,,,,,,,,,,
0, brooklyn is changing apple store is heading to BK ,,,,,,,,,,,,,,,,
0, BloombergTV  Steve Wozniak on What Really Happened in Jobs Garage httptcoM5Pl6xLjuV via BloombergTV Apple aapl ,,,,,,,,,,,,,,,,
-1,  apple diag and support suck a lot It says cannot connect server try again then ticket not found disgusting httptcoARyYbxOdox ,,,,,,,,,,,,,,,,
-1, my phone keeps restarting on its own apple dont play me like that??? ,,,,,,,,,,,,,,,,
0, Looking down on the crazy George Street Sydney in the rain from the Apple Genius Bar httptcofw8BCu1DOD httptcodlrmFkDKHh ,,,,,,,,,,,,,,,,
0, Sony and Apple iTunesMusic  AppStore timcook need to combine their efforts and  make one solid system accessible from any device ,,,,,,,,,,,,,,,,
0, Is Apple Inc Losing the 5 Billion EdTech Market? AAPL aapl httptcolOLDOTy7jt ,,,,,,,,,,,,,,,,
0, httptcoD2TeKpbQyw Apple Default search engine ,,,,,,,,,,,,,,,,
0, Sales Of The iPhone 6 Plus Have Settled A LongRunning Argument About Apple And Smartphones AAPL aapl httptco4oaDjSZwg9 ,,,,,,,,,,,,,,,,
1, Love the Apple is supporting HourOfCode with workshops  httptcoWP8D0FNjNu ,,,,,,,,,,,,,,,,
-1, Changing words that arent even misspelled like where do they REALLY do that at???? I would really like to know apple ,,,,,,,,,,,,,,,,
0, mkt Final AAPL PutCallRatios for Thursday December 4 2014  httptcopSiLO8mepA ,,,,,,,,,,,,,,,,
0, daulfn AppleUK Apple Its what most of our devs do ,,,,,,,,,,,,,,,,
1, OneRepublic Apple THIS IS SO BEAUTIFUL ,,,,,,,,,,,,,,,,
-1, Apple iCloud Family inapp purchase approvals broken since Friday? You might have some very unhappy moneylosing developers come Monday ,,,,,,,,,,,,,,,,
1, apple Excellent customer service thanks Ian applestorecoventgarden ,,,,,,,,,,,,,,,,
-1, sometimesboring also wtf apple i dont even live in kirkby ,,,,,,,,,,,,,,,,
0, In firstever Apple Watch hackathon apps and challenges emerge AAPL aapl httptcormYFzMIE5K ,,,,,,,,,,,,,,,,
0, Follow all developments in the AAPL DRM trial that is finally underway httpstcoW9mVJwhtNQ ,,,,,,,,,,,,,,,,
-1, that yosemite update is so annoying i regret installing it  apple sort out your shit bro ,,,,,,,,,,,,,,,,
-1, RT WillliamLemar RT JustPoetic Why the fuck is there a recently deleted photo album? Apple ,,,,,,,,,,,,,,,,
0, We know that Apple have a strong supply chain but what is it that makes it that way? SupplyChain Operations httptcoPk95RjYhcV ,,,,,,,,,,,,,,,,
0, Apple Inc and Facebook Clash Neither Is Wrong  The Motley Fool fb aapl httptcoAAy60rtQFC ,,,,,,,,,,,,,,,,
-1, Cheeky apple  Very cheeky No dice though You cant own App Store its a description not a product  httptco8L7VeRuzfs ,,,,,,,,,,,,,,,,
1, Got to hear about the new patent by apple  and thats a quite innovative idea apple  The mobile screen will never break in future ,,,,,,,,,,,,,,,,
0, BloombergTV  Wozniak What Really Happened in SteveJobs Garage httptcodmNbZukzoz aapl ,,,,,,,,,,,,,,,,
-1, waiting a week for a DUNS number is preventing me from being able to build and release a clients iOS app apple why do you hate me so? ,,,,,,,,,,,,,,,,
-1, RT hypebot Steve Jobs Deposition in iPod Lawsuit Could Cost Apple 1 Billion httptco7vDXwvxKpe MusicBiz MusicIndustry Apple ,,,,,,,,,,,,,,,,
-1, Thought this just happened to me Why I HATE apple to this day httptco19G2JYZOGI via rollingstone ,,,,,,,,,,,,,,,,
-1, apple is laughing its pants off with the school programs here in Australia They even manage to wringe money out of the poorest of people ,,,,,,,,,,,,,,,,
0, NYC EricGarner protesters stage Die In Apple store httptco5y1RRbx0SC LIVE RebelutionaryZ BlackLivesMatters ShutItDown ,,,,,,,,,,,,,,,,
0, Foreign Currency Exchange May Be A Headwind For Apple AAPL httptcorMPiMkvLsH AAPL ,,,,,,,,,,,,,,,,
0, In case of accident have you downloaded our free Apple app yet Winnipeg httptcoxFhk6vBQnl ,,,,,,,,,,,,,,,,
-1, timcook That rage when dealing Apple Geniuses when they maintain its not a known issue when a simple google search shows its a big 1 ,,,,,,,,,,,,,,,,
0, CNBCTV  Citis Apple optimism aapl httptcoCGRe961fib ,,,,,,,,,,,,,,,,
0, Dan Nathan How To Profit From Apple Stock?  AAPL aapl httptcowkEoflid2Q ,,,,,,,,,,,,,,,,
1, Thank you Apple for fixing the Swift sourcekit crashes in XCode  Life is better now httptcoNbRWTTcZ35 ,,,,,,,,,,,,,,,,
-1, Fucking goddamn stupid apple iTunes  ur too fucked up JustSayin iTunes ,,,,,,,,,,,,,,,,
-1, Is it just me who feels Yosemite eats more battery amp Resource than Mavericks?  Apple are you reading this? ,,,,,,,,,,,,,,,,
-1, whereiscooldude CyrusTVirus Apple wait no im okay here but yeah actually we should burn it down ,,,,,,,,,,,,,,,,
0, How many of apples top apps of 2014 do you have downloaded on your phone? httptcoBTOgs1cDGc ,,,,,,,,,,,,,,,,
1, So cool Apple stores will host free Hour of Code workshops on Dec 11 to promote computer science httptcoHrOHssVtK1 tech ,,,,,,,,,,,,,,,,
-1, apple why did you make it so difficult to get help with your products?  I just wasted 45 minutes of my life online and still am nowhere ,,,,,,,,,,,,,,,,
-1, Currently on hold with Apple in Cupertino to try to set up a Genius Bar appointment in Madrid dontask ,,,,,,,,,,,,,,,,
0, CadeRageous Thx RT Apple Own 2600 digital languages IP  NEW internet Leader10 of cost of DIY googlenexus httptcosQv0FmaPGO ,,,,,,,,,,,,,,,,
-1, I dont know what youre trying to do apple but phone updates are turned off Thanks for letting me aware by error httptcoyMyoY61hz5 ,,,,,,,,,,,,,,,,
-1, YES  RT garrettwollman No Apple dont remind me tomorrow Just fing TELL ME what the updates you want to install actually ARE ,,,,,,,,,,,,,,,,
0, RT Sjado Listen2Lena 3x bonus airmiles Apple right now airmilesshops ,,,,,,,,,,,,,,,,
0, Apple now is your chance with Apple TV  Verizon FIOS is going downhill fast  They are now using crappy plastic STBs with no displays ,,,,,,,,,,,,,,,,
-1, These Damn Apple Commercials Are Getting Worse and Worse ,,,,,,,,,,,,,,,,
-1, apple MacMail on OS X Yosemite is really giving me a hard time Is there an alternative email program out there? YosemiteProblems ,,,,,,,,,,,,,,,,
0, apple should buy nintendo and sega Theyd get emulation characters game contentportfolios brand recognition and developer contacts ,,,,,,,,,,,,,,,,
1, Yeeaaayyyawesome OS X Yosemite 10101 roccckkkssss m httpstcocK8wPnN91V satanoppa apple ,,,,,,,,,,,,,,,,
0, Russia is selling its banned SteveJobs tribute statue  CultofMac httptcoRPsHWCAr3s Apple AAPL iPhone memorial bastards ,,,,,,,,,,,,,,,,
0, Seems similar to Apple or Google doing a cloud backup of my pictures OnlineFootprint ModicumOfPrudence ,,,,,,,,,,,,,,,,
0, Lol  RT MsBiAnCaBiSa MhDaDon Apple I havent decided yet I might get bourgeois about it ,,,,,,,,,,,,,,,,
-1, fucking apple are memer FAGGOTS httptcow8hbpxTRCJ ,,,,,,,,,,,,,,,,
-1, And how about kids?  Do parents need to monitor the Apple power cords daily to make sure they are still safe?  AppleCordFire ,,,,,,,,,,,,,,,,
0, Will Apple Incs Profit Margin Continue Upward?  The Motley Fool aapl httptcooSlDAHbkJP ,,,,,,,,,,,,,,,,
0, Hey apple let us get some Star Wars action on iTunes ,,,,,,,,,,,,,,,,
-1, RT BGPublic Even MORE reason for Apple to stop using benzene in its manufacturing httptcoNjdYqwfVAE ,,,,,,,,,,,,,,,,
-1, As a die hard Apple customer I must say I am truly displeased with the customer service I was given today badservice Apple ,,,,,,,,,,,,,,,,
0, nickruz4 Apple I cant I just got a new phone  ,,,,,,,,,,,,,,,,
1, Thank you apple AppleSantaMonica for fixing my friends phone in less than 2 hours free of charge You guys are the best ,,,,,,,,,,,,,,,,
0, Winter can be scary but you can stay safe Winnipeg with our free Apple app httptcowYJVGqW6qT ,,,,,,,,,,,,,,,,
0, AAPL10 Steve Jobs emails you need to readhttptco82G1kL94tx ,,,,,,,,,,,,,,,,
-1, Imovie screws up my project yet again I really hate apple ,,,,,,,,,,,,,,,,
0, Apple Pay And Services Lead To Price Target Upgrade For Apple Inc  AAPL aaplhttptcoOt41TSjQlG ,,,,,,,,,,,,,,,,
-1, 90 nd i aint even leave the house yet apple water u doin fam ,,,,,,,,,,,,,,,,
0, Apple Facing A Challenge From Googles Android AAPL aapl httptcompcU3cC4fM ,,,,,,,,,,,,,,,,
0, The rumoured oppo R8207 looks very similar to a certain Apple iPhone6 httptcoeSUoXuE4lr ,,,,,,,,,,,,,,,,
0, OneRepublic Apple does pilot fly with us?  ,,,,,,,,,,,,,,,,
-1, DUNS4Apple sashametro Apple Your definition of easy is warped Thanks for the useless corporate speak ,,,,,,,,,,,,,,,,
0, Pacific Crests Apple Analyst Reiterates Selling Some Shares  Forbes aapl httptco4WRGdhxi0G ,,,,,,,,,,,,,,,,
1, JonFavreau movie chef so original amp well executed Reminded me of the days Steve Jobs dreaming up apple and then created the iPhone ,,,,,,,,,,,,,,,,
0, AAPLBuzz Stocks Apple Inc AAPL RadioShack Corporation and dELiAs IhttptcoOgEzr09gUL ,,,,,,,,,,,,,,,,
0, DelenaNian4eva Apple chill? ,,,,,,,,,,,,,,,,
-1, My fix for syncdefaultsd crashing every five minutes and losing preference settings keep System Preferences open Apple ,,,,,,,,,,,,,,,,
0, Apple was fighting a never ending battle against hackers of iTunes says chief Eddy Cue in antitrust trial httptcoOlmqSV8R0H ,,,,,,,,,,,,,,,,
-1, Guys at Apple is this serious? Yosemite full of stupid and ugly bugs Feeling sad cc timcooktherealjonyive httptco42Mjc3SsJE ,,,,,,,,,,,,,,,,
0, New Apple Apple iPhone with 4in screen for one Sunday 7 December httptcocBdPX3qCVh ,,,,,,,,,,,,,,,,
-1, I have to be honest My once great fanaticism for Apple is turning into an equally great dislike ,,,,,,,,,,,,,,,,
-1, my iphone 6 FINALLY came after almost 3 weeks dont think Ill forget this apple ,,,,,,,,,,,,,,,,
0, YouTube Apple TV App Updated With Streamlined Interface Video Advertisements httptco6AzEBmp83T AAPL ,,,,,,,,,,,,,,,,
0, Apple Plans to Launch iPhone 6 Mini Version in 2015  AAPL aapl httptcoCIvVif64xC ,,,,,,,,,,,,,,,,
-1, Danger* but ok Apple wanna fuck with me ,,,,,,,,,,,,,,,,
1, iPhone6 sales success gives Apple Apple best ever UK market position Thursday 4 December httptcoHfvAuOzsoX ,,,,,,,,,,,,,,,,
0, iPhone 7 Release Date With Top 10 Most Needed Features AAPL aapl httptco6jmAQkj3rj ,,,,,,,,,,,,,,,,
-1, Apple TV fades away in streaming video player market  Apple vod streaming httptco5jYgtiCWlc ,,,,,,,,,,,,,,,,
-1, Apple there isnt a puke emoji Im pissed fix it fat ,,,,,,,,,,,,,,,,
1, GriffinNW Apple tacobell I love you tacobell ,,,,,,,,,,,,,,,,
0, Attn Apple   Buy these guys amp make AppleTV what it should be Fan TV Heads for the exit   httptcomCPfhvKilJ via pkafka ,,,,,,,,,,,,,,,,
0, Apple Is Warming Up To Social Media Apple is hiring a social media guru in LA Will Apple finally tweet?Her httptcolXnHXmdt9S ,,,,,,,,,,,,,,,,
-1, NevBackwoods exactly Come on apple  other phone companies get yo shit together ,,,,,,,,,,,,,,,,
0, The difference between Apple and everyone else in one photo httptcoRXaKDAJrwm via qz ,,,,,,,,,,,,,,,,
0, RT JPDesloges Apple to launch 4inch iPhone next year Report AAPL aapl httptcox3lzm9bOoM ,,,,,,,,,,,,,,,,
0, AAPLIn Their Own Words Investor Robin Chan Talks About Xiaomis Lei JunhttptcokwkPByJ4p7 ,,,,,,,,,,,,,,,,
-1, Khloe Kardashian has a black iPhone 6 but I still dont have mine??? Apple whats going on huh? picking favorites? you biased fucks ,,,,,,,,,,,,,,,,
0, UBS Says Consensus on December Quarter Apple  iPhone Units Could be 10 Low AAPL aapl httptcowao7GqQ411 ,,,,,,,,,,,,,,,,
0, Apple iSchool? httptcoCMo0TsbHpI education applenws ,,,,,,,,,,,,,,,,
1, Props for apple iTC App Review Team for reviewing metadata rejected resubmission in just 2 hours Thanks ,,,,,,,,,,,,,,,,
0, marxculture AppleUK Apple ugh Im no longer a dev remember? I now wear a suit Oh wait I dont like suits  Yeh Ill probly do it ,,,,,,,,,,,,,,,,
-1, apple IOS8 is still shit ,,,,,,,,,,,,,,,,
0, Apple Apple Loop iPhone6S Rumors Steve Jobs Garage Myth iPhone 6C Speculation Saturday 6 December httptcokZ27zJxqhf ,,,,,,,,,,,,,,,,
-1, RT nicwill30 Shout out to Apple for making crappy iPhone alarms that dont go off and make me late for my final ,,,,,,,,,,,,,,,,
-1, The only reason I have an iPhone is because of iMessage apple BRUH make a better battery ,,,,,,,,,,,,,,,,
0, Verr?cktes Ger?cht iPhone6s zum Apple Apple Watch Wednesday 3 December httptcomSMQYRTUTO ,,,,,,,,,,,,,,,,
-1, Thanks for pushing me into yosemite apple it has been the WORST so slow and clunky cantgoback misssnowleopard whathappened ,,,,,,,,,,,,,,,,
-1, apple make SD cards so we can add memory to our iPhone because we all know you wont allow SD cards until you profit from it ,,,,,,,,,,,,,,,,
0, Apple announces its top apps of 2014 Did your favourite app make the list? via mashable AppStore2014 httptcorAaX3Wp3q2 ,,,,,,,,,,,,,,,,
0, RT DecodedFashion Apple is reportedly hiring fashionfocused staff for its physical stores httptcoZoOnR3u5zV FTDaily FashionTech ,,,,,,,,,,,,,,,,
0, Why Apple Watch May Be a Luxury Fashion Hit  AAPL aapl httptcoe8PoX8RNyx ,,,,,,,,,,,,,,,,
0, Steve Wozniak Says Apple Starting In Garage Is A Complete Myth stevewoz httptcoJyAtqxYwha httptcoEaBOxjAoFd ,,,,,,,,,,,,,,,,
0, Here are the top apps for the iPhone according to apple httptco6gzv72TrNY technologya ,,,,,,,,,,,,,,,,
-1, FastCoExist If you use Apple congrats you just gave the government permission to spy on you  Apple ,,,,,,,,,,,,,,,,
-1, HATE APPLE SO MUCH RUIN MY LIFE ,,,,,,,,,,,,,,,,
0, We need more products like Aviate Companies like BlackBerry amp Apple need to embrace the customization of quality themes ,,,,,,,,,,,,,,,,
0, Foreign Currency Exchange May Be A Headwind For Apple AAPL httptcoHH6LjnOq0x ,,,,,,,,,,,,,,,,
-1, RT QueenCleo92 Why are your phone chargers so terrible apple Fix this Jesus ,,,,,,,,,,,,,,,,
0, CNBCTV  Apple top execs take stand aapl httptcoIeWlOOLdER ,,,,,,,,,,,,,,,,
-1, Why do you hate business so much Apple? ,,,,,,,,,,,,,,,,
-1, why does Apple take so long to send you the password reset email ipod apple soslow ,,,,,,,,,,,,,,,,
-1, apple I hate the microphone shit on the imessage please take it the fuck off ,,,,,,,,,,,,,,,,
0, Square Launches iOS App for Food Delivery Service Caviar iOS Blog httptcol9uaXkPbxU AAPL ,,,,,,,,,,,,,,,,
0, Got new cases  apple applestore citycreek slc citycreek apple applestore red  httptcoeiT3tsudcu httptcoBPaOYLImcR ,,,,,,,,,,,,,,,,
0, Rumors Surface for Apple Apple iPhone6S and iPhone7 in 2015 Wednesday 3 December httptcodC5O4hRKNn ,,,,,,,,,,,,,,,,
-1, Just had to buy a replacement phone charger for my sons iPhone 40 Thats why Ill never buy and apple product for myself Just greedy ,,,,,,,,,,,,,,,,
-1, Since when did apple stop replacing iPhone units due to defect? Just because I have some scratches on my phone doesnt mean I dropped it ,,,,,,,,,,,,,,,,
0, Apple lol Yea bro ,,,,,,,,,,,,,,,,
0, Barclays Apple Analyst Joins The Crowd And Increases Price Target  Forbes aapl httptco6Z1DwxeCpE ,,,,,,,,,,,,,,,,
1, 7 awesome paid iPhone and iPad apps that are free for a limited time via BGR aapl httptcoAAAkSIIgP0 ,,,,,,,,,,,,,,,,
0, OneRepublic Apple Ooh my god ,,,,,,,,,,,,,,,,
0, Will Apple Incs Profit Margin Continue Upward? AAPL aapl httptcomK7jx2SlhF ,,,,,,,,,,,,,,,,
-1, Hey Apple what the hell is this hahaha httptcor1Uspl8dHn ,,,,,,,,,,,,,,,,
-1, THIS 16GB IS GOING TO KILL ME IM THIS CLOSE TO TAKING A SHIT ON MY PHONE Iphone apple ,,,,,,,,,,,,,,,,
0, ProfessorF Apple HP I am a bigger fan of the LGElectronics G Watch R ,,,,,,,,,,,,,,,,
-1, STUPID FUCKING IPHONE CHARGERS ARE STUPID AND BREAK TOO EASY FUCK YOU APPLE ,,,,,,,,,,,,,,,,
-1, Shout out to Apple for making crappy iPhone alarms that dont go off and make me late for my final ,,,,,,,,,,,,,,,,
-1, apple fuck you bitches my phones abrick and stuck on the apple logo ,,,,,,,,,,,,,,,,
-1, Apple iOS8 Notification Center is a pain in the ass No way to sort no way to dismiss all notifications and hitting that x on each app ,,,,,,,,,,,,,,,,
1, It took just one month for the iPhone6Plus to become the king of phablets Apple is king Jobspring technews httptcomAoSN8Hrrs ,,,,,,,,,,,,,,,,
-1, Worst thing I ever did was update the software on my computer This update is trash apple ,,,,,,,,,,,,,,,,
-1, yea let me just pay 600 dollars for phone so it dies at 30 fix your shit apple ,,,,,,,,,,,,,,,,
1, RT saxonidubom rwang0 Apple Thanksthinking of upgrading ,,,,,,,,,,,,,,,,
-1, apple why do your computers like to crash on dead week before finals? ,,,,,,,,,,,,,,,,
0, How to save a ton of money when you buy your next iPhone via BGR aapl httptcox35kXHBv0E ,,,,,,,,,,,,,,,,
0, iPad Mini First Time Startup httptcovGHN798zzs via youtube apple ipadmini ipad macbook macbookpro startup hipster unbox ,,,,,,,,,,,,,,,,
0, Most Recent Apple Inc Lawsuit Hurts Share Price httptcoolF6IGu65g AAPL ,,,,,,,,,,,,,,,,
0, Apple lower following cautious Pac Crest Deutsche notes AAPL CRUS httptcoQeSxIwzUIK ,,,,,,,,,,,,,,,,
0, caseypieper TheWeldingRoom Apple Monster redbull I heard Monster was the hebrew devil lol ,,,,,,,,,,,,,,,,
-1, Why the fuck is there a recently deleted photo album? Apple ,,,,,,,,,,,,,,,,
-1, Wtf apple yall shit be cheap httptcojeOimq3HNA ,,,,,,,,,,,,,,,,
-1, I am feeling creatively stifled by the current emoji selection apple ,,,,,,,,,,,,,,,,
0, Apple Opening Advanced RampD Center in Yokohama Japan httptcoRGTBpPywqJ AAPL ,,,,,,,,,,,,,,,,
0, Every student deserves a chance apple connected txed ,,,,,,,,,,,,,,,,
0, Is Apple The Most Important Stock On Earth?  httptco1X62rp5R8y aapl httptco3YtD8Iz62i ,,,,,,,,,,,,,,,,
-1, Apple I had a power cord problem under warranty You said it would be fine It isnt And now you wont replace it? httptcofW3BoW53dj ,,,,,,,,,,,,,,,,
-1, I just had 40 now I have 8 wtf apple ,,,,,,,,,,,,,,,,
-1, RT QueenCleo92 Why are your phone chargers so terrible apple Fix this Jesus ,,,,,,,,,,,,,,,,
0, SheLovesQuez Apple you must not like em ,,,,,,,,,,,,,,,,
-1, So apple wouldnt fix my phone and claims that I didnt tell them to screen was fucked ,,,,,,,,,,,,,,,,
0, REPORT Apple Wants Fashion And Luxury Experts To Help Sell The AppleWatch aapl httptcoI1UpTiCF0i httptcororXfmpPSk ,,,,,,,,,,,,,,,,
0, THEHIITCOACH Well use it But we know that feeling only too well of waiting for your app to be approved by Apple LikeWatchingPaintDry ,,,,,,,,,,,,,,,,
1, Apple store nyc I am honored to be here travel httptcoJnbCd79z1b ,,,,,,,,,,,,,,,,
0, Even the Apple NYC flagship store wasnt spared a visit from the EricGarner protests verge httptcoxEuDG7rAN7 ,,,,,,,,,,,,,,,,
0, Early Movers ANF TJX TGT LYV AAPL amp more These are the stocks posting the largest moves before the bell httptcoRwjm3lpzRN ,,,,,,,,,,,,,,,,
-1, Dear Apple all I want for Xmas is for iOS 8 to stop crashing my iPad  Signed Cindy Lou Who of Whoville apple ,,,,,,,,,,,,,,,,
0, apple drdre next big thing Wireless earbuds Aka earplugs with sound Soundplugs ,,,,,,,,,,,,,,,,
-1, iMessage isnt working thanks apple ,,,,,,,,,,,,,,,,
-1, apple DUCK OFF ,,,,,,,,,,,,,,,,
0, Todays Show On Demand features LawyerPeteSchulte on PoliceBodyCameras Apple opening in Toledo amp Hot 5 at 5 httptcorKHubWeRjX ,,,,,,,,,,,,,,,,
0, Dear Amazon if Apple could do it you can too httptcol9vbG8JXcL ,,,,,,,,,,,,,,,,
-1, wastwater1 l agree with you theyre about as robust as a chocolate fire guard Apple traffordcentre ,,,,,,,,,,,,,,,,
0, Not a book on how Apple or Starbucks grow global brands This is your book on how to grow your stickybrand  httptcoaJt29u9Bt1 ,,,,,,,,,,,,,,,,
0, MhDaDon Apple I havent decided yet I might get bourgeois about it ,,,,,,,,,,,,,,,,
-1, dear apple why oh why do I have to baby sit copying files in the POS Finder? its not like copying files is hard oh wait its you ,,,,,,,,,,,,,,,,
0, CHAYILTrading ChartOfTheDay Apple AAPL httptcoQRVLWmGw1Z ,,,,,,,,,,,,,,,,
-1, RT ColtonObrian My phone died on 23 apple what the fuck is this ,,,,,,,,,,,,,,,,
0, Apple  apple httptcotCfTmuauMY ,,,,,,,,,,,,,,,,
0, whereiscooldude Apple I kind of thought that before hand ,,,,,,,,,,,,,,,,
0, but when is apple gonna let me italicize ,,,,,,,,,,,,,,,,
0, Short Menu 31 now live in the apple appstore floschliep ,,,,,,,,,,,,,,,,
0, What if Apple bought Telsa? Talent is key Cook has access to Musks bright mind on a permanent basis Read more httptconxhkHTGJ4L ,,,,,,,,,,,,,,,,
0, RT JPDesloges Apple mass transit system for Maps detailed in new patent AAPL aapl httptcoYhwWoUBR3Q ,,,,,,,,,,,,,,,,
0, waywardhem Apple I totally agree ,,,,,,,,,,,,,,,,
-1, timcook therealjonyive iosissues ios8problems Apple More issues Now safari I want jobs quality control back httptcoW2754JV0dI ,,,,,,,,,,,,,,,,
-1, agiletortoise Once again apple is inconsistent with app rules to maintain their Plausible Deniability Sorry to hear that Greg draftsapp ,,,,,,,,,,,,,,,,
0, Hope Apple amp iOS will allow compact views for 3rd party keyboards like SwiftKey and Swype do on Android ,,,,,,,,,,,,,,,,
-1, just need apple to come out with a charger cord that keep a charge amp dont fall apart httptcoVZ8HDbMzlu ,,,,,,,,,,,,,,,,
0, Will Apple and Facebook Crush Google?  The Motley Fool aapl fb goog httptcoMe8RLrIoDf ,,,,,,,,,,,,,,,,
1, I love my iphone6 apple MobilePhone httptco5AJVSQXGDn httptcokLwBBWIp0o ,,,,,,,,,,,,,,,,
-1, Day 12 without access to my iTunes passwd Apple working on it No new apps or calendar apple ecosystem has achilles? Your move google ,,,,,,,,,,,,,,,,
-1, Since Steve jobs left this world I have been having problems with my iphone5 ipad2 G5macpro apple is done httptcoE4YLHjtK93 ,,,,,,,,,,,,,,,,
-1, fuck u apple ,,,,,,,,,,,,,,,,
0, Feed My Ego Futter Mein Ego iPhone 44S Tough Ca  COMPUTING amp COMMUNICATION  Melasdesign httptcojbVgROMp3p cafepress iphone apple ,,,,,,,,,,,,,,,,
-1, god dammit fuck you apple ,,,,,,,,,,,,,,,,
0, RT ppropp Our buddies ArccosGolf are at eye level in the apple store startups ctnext StamfordiCenter nice httptcor3j9yZ5G8u ,,,,,,,,,,,,,,,,
-1, timcook Not happy with Apple AppStore Backwards compatibility should be a given  It is for my other apps why not Aperture?? Money Grab? ,,,,,,,,,,,,,,,,
0, Apple store on 5th ave httptcooIxg0YpFn9 ,,,,,,,,,,,,,,,,
0, Here are SFBJEditor 5 things to know today including who is hoarding the Apple iPhone6 httptcolwacRDp3vU ,,,,,,,,,,,,,,,,
-1, MacRumors kellyhodgkins I believe it I bought an amazon Fire TV for 69 Apple Youve lost another customer ,,,,,,,,,,,,,,,,
0, TMOBILEIPHONE LTE PHONE CALL WORKAROUND httptcorctGxbHpJH iPhone6 TMobile Apple apple tech smartphone httptconBlIiAW1JU ,,,,,,,,,,,,,,,,
0, The 10 Most Important Differences Between Macs And PCs aapl httptcovSxUcX6vyx httptco97huQ31qPT ,,,,,,,,,,,,,,,,
0, Apple Sales IMac 24inch 2007 updated with Yosi great family device refurbished ?33000 3 Month Warranty httptcohJ3fM4MxmN ,,,,,,,,,,,,,,,,
0, Morgan Stanley Sells Apple Inc but AAPL Stock Still a Buy aapl stock news Morgan Stanley Sells Apple Inc httptcoQ20LTF26Uz ,,,,,,,,,,,,,,,,
0, RT abdinsyakirin apple  Hey you wanna use iFon Siks? Jas follow rizalscandal and u will get it  ,,,,,,,,,,,,,,,,
0, In emails Jobs determined to keep iPod Appleonly  AAPL aapl httptcoJwK4grA7Zq ,,,,,,,,,,,,,,,,
1, Steve Jobs Predicted Future Of ECommerce Back In 1996 amp Got It Exactly Right httptcow7q2G2SCbH via sai ecommerce AAPL ,,,,,,,,,,,,,,,,
0, pwilke google Apple facebook ughhhh can uber just see itself out already ,,,,,,,,,,,,,,,,
-1, IM SICK OF YOUR FUCKING SHIT apple ,,,,,,,,,,,,,,,,
0, EU Nice iPhone ya got there Pity if something were to happen to it httptcovpn1gWZi2r Apple applenws iPhoneNews ,,,,,,,,,,,,,,,,
-1, I could really kick apple s ass This iPhone 6 battery sucks moldy dick on a Tuesday night  Worst shit ever Only last 4 fucking hours ,,,,,,,,,,,,,,,,
-1, RT unstanningzarry my phone keeps fucking freezing apple ,,,,,,,,,,,,,,,,
0, MasterCard Teams Up With Gwen Stefani to Promote Apple Pay and Priceless Surprises httptco8SqKEuVjp5 AAPL ,,,,,,,,,,,,,,,,
0, Apple USE THIS 4 UR NEXT AD funconvo httptcorjPyqmFlWa ,,,,,,,,,,,,,,,,
0, RT RepublicanPriv OneRepublic Apple Take us down and we keep trying Forty thousand feet keep flying ,,,,,,,,,,,,,,,,
0, JMP raises Apple price target from 130 to 150 reasons why here httptcoXOTExD9Y4o  JMP AAPL Stocks WallStreet ,,,,,,,,,,,,,,,,
0, Apple patents new reflex drop technology for Mobile deviceslearn how this could come in handy MobileDose httptcoBSGtvfPc5B ,,,,,,,,,,,,,,,,
-1, dear Apple get your shit together ,,,,,,,,,,,,,,,,
0, Apple Pay  Compuserve  BTC  the internet ,,,,,,,,,,,,,,,,
1, Loving my apple iPhone6Plus even though Ive hyperextended my thumb reaching for the top Apps thestruggleisreal ,,,,,,,,,,,,,,,,
0, Could Apple Inc Sell 24 Million AppleWatches in 2015?  The Motley Fool aapl httptcoJA0hy8d4U3 ,,,,,,,,,,,,,,,,
-1,  apple why is my computer so slow ,,,,,,,,,,,,,,,,
0, Apple Apples IPhone6Plus captures Christmas at the White House Friday 5 December httptco4EXisKMcMV ,,,,,,,,,,,,,,,,
0, Apple Hiring Maps Engineer to Work on Improved Community Crowdsourcing SiriPassbook Integration httptco0zAAAPH873 AAPL ,,,,,,,,,,,,,,,,
0, First Apple employee The remarkable odyssey of Bill Fernandez via techrepublic  httptcoKj4GDYMrqw ,,,,,,,,,,,,,,,,
0, AAPL5 companies growing faster than Applersscnncom~rrssmoneylatest~3n1Ps4CmqWL4indexhtml ,,,,,,,,,,,,,,,,
0, Apple 115 fits to 84 increase in earnings Use 2014Q3 EPS142 in  free IOS App Donkey Stocks AAPL httpstco8CBUgrEHZS ,,,,,,,,,,,,,,,,
-1, Jman98jlb San0529 my phone does it automatically for some reason Kinda dumb Thanks Apple ,,,,,,,,,,,,,,,,
-1, dang this phone fuckin sucks fuck you apple piece of shit iPhone man yall disappoint me ,,,,,,,,,,,,,,,,
-1, My phone died at 8 why would you let this happen apple? ,,,,,,,,,,,,,,,,
1, apple iBooks is awesome Thank You ,,,,,,,,,,,,,,,,
0, In case of accident stay safe with our free Apple app Winnipeg httptcowYJVGqW6qT ,,,,,,,,,,,,,,,,
-1, dougluberts drakecraytel Apple it is a universal problem with 128gb models Some people think there will be a total recall ,,,,,,,,,,,,,,,,
0, AAPLExchange iPhone for Passport and Receive Up to 550httptcodIskJKI4Ch ,,,,,,,,,,,,,,,,
-1, apple and VerizonSupport the support I received for my iPad tonight was ridiculous going in circles with no solution smh ,,,,,,,,,,,,,,,,
-1, Updated to Yosemite on two machines Both are now painfully slow Thanks Apple ,,,,,,,,,,,,,,,,
0, sacca If simplicity was hard to charge for why is AAPL the most valuable company? ipad ,,,,,,,,,,,,,,,,
-1, Ha poor apple trying to make its iPad and MacBook look useful in its commercials Not even close to the power of surface Pro 3 ,,,,,,,,,,,,,,,,
0, Jeff Daniels in Talks to Play Former Apple CEO John Sculley in Aaron Sorkins Steve Jobs Movie Mac Blog httptcoqg1CP2ozaW AAPL ,,,,,,,,,,,,,,,,
1, Were so excited to be named to Apples App Store Best of 2014 list this year httptcod7qlmti4Uf Apple ,,,,,,,,,,,,,,,,
-1, Is there ever going to be a moment yall are going to fix the battery? Mine goes from 100 to 22 in an hour apple ,,,,,,,,,,,,,,,,
-1, Apple in the Dock 1 Billion Antitrust Claim Casts SteveJobs as Conspirator aapl httptcoqZaTiTlR26 ,,,,,,,,,,,,,,,,
0, Tim Cook Shows Off Apple Watch to Chinese Internet Official Discusses Security Issues httptco4nrcjqs75m AAPL ,,,,,,,,,,,,,,,,
0, Econsultancy on Apple the customer journey from search to checkout httpstcowKiiSW3oS6 CX UX ecommerce casestudy ,,,,,,,,,,,,,,,,
0, HOW TO Make a realistic songlength drum track using apple Logic Pro X Drummer httptco5o26s4ZrqC ProAudio httptcoPNlkoLdie6 ,,,,,,,,,,,,,,,,
